{"__meta":{"schema_version":3,"schema_name":"DRFModelV3","schema_type":"DRFModel"},"model_id":{"__meta":{"schema_version":3,"schema_name":"ModelKeyV3","schema_type":"Key<Model>"},"name":"DRF_1_AutoML_34_20221212_33932","type":"Key<Model>","URL":"/3/Models/DRF_1_AutoML_34_20221212_33932"},"algo":"drf","algo_full_name":"Distributed Random Forest","response_column_name":"price_vnd","treatment_column_name":null,"data_frame":{"__meta":{"schema_version":3,"schema_name":"FrameKeyV3","schema_type":"Key<Frame>"},"name":"frame-6fce29ab-78a7-4ecc-be8f-8639c1239d74","type":"Key<Frame>","URL":"/3/Frames/frame-6fce29ab-78a7-4ecc-be8f-8639c1239d74"},"timestamp":1670791238514,"have_pojo":true,"have_mojo":true,"algo":"drf","algo_full_name":"Distributed Random Forest","model_id":{"__meta":{"schema_version":3,"schema_name":"ModelKeyV3","schema_type":"Key<Model>"},"name":"DRF_1_AutoML_34_20221212_33932","type":"Key<Model>","URL":"/3/Models/DRF_1_AutoML_34_20221212_33932"},"parameters":[{"__meta":{"schema_version":3,"schema_name":"ModelParameterSchemaV3","schema_type":"Iced"},"name":"model_id","label":"model_id","help":"Destination id for this model; auto-generated if not specified.","required":false,"type":"Key<Model>","default_value":null,"actual_value":{"__meta":{"schema_version":3,"schema_name":"ModelKeyV3","schema_type":"Key<Model>"},"name":"DRF_1_AutoML_34_20221212_33932","type":"Key<Model>","URL":"/3/Models/DRF_1_AutoML_34_20221212_33932"},"input_value":null,"level":"critical","values":[],"is_member_of_frames":[],"is_mutually_exclusive_with":[],"gridable":false},{"__meta":{"schema_version":3,"schema_name":"ModelParameterSchemaV3","schema_type":"Iced"},"name":"training_frame","label":"training_frame","help":"Id of the training data frame.","required":false,"type":"Key<Frame>","default_value":null,"actual_value":{"__meta":{"schema_version":3,"schema_name":"FrameKeyV3","schema_type":"Key<Frame>"},"name":"frame-6fce29ab-78a7-4ecc-be8f-8639c1239d74","type":"Key<Frame>","URL":"/3/Frames/frame-6fce29ab-78a7-4ecc-be8f-8639c1239d74"},"input_value":{"__meta":{"schema_version":3,"schema_name":"FrameKeyV3","schema_type":"Key<Frame>"},"name":"AutoML_34_20221212_33932_training_frame-f7a5266e-c79b-46c7-b803-dd460569553e","type":"Key<Frame>","URL":"/3/Frames/AutoML_34_20221212_33932_training_frame-f7a5266e-c79b-46c7-b803-dd460569553e"},"level":"critical","values":[],"is_member_of_frames":[],"is_mutually_exclusive_with":[],"gridable":false},{"__meta":{"schema_version":3,"schema_name":"ModelParameterSchemaV3","schema_type":"Iced"},"name":"validation_frame","label":"validation_frame","help":"Id of the validation data frame.","required":false,"type":"Key<Frame>","default_value":null,"actual_value":null,"input_value":null,"level":"critical","values":[],"is_member_of_frames":[],"is_mutually_exclusive_with":[],"gridable":true},{"__meta":{"schema_version":3,"schema_name":"ModelParameterSchemaV3","schema_type":"Iced"},"name":"nfolds","label":"nfolds","help":"Number of folds for K-fold cross-validation (0 to disable or >= 2).","required":false,"type":"int","default_value":0,"actual_value":5,"input_value":5,"level":"critical","values":[],"is_member_of_frames":[],"is_mutually_exclusive_with":[],"gridable":false},{"__meta":{"schema_version":3,"schema_name":"ModelParameterSchemaV3","schema_type":"Iced"},"name":"keep_cross_validation_models","label":"keep_cross_validation_models","help":"Whether to keep the cross-validation models.","required":false,"type":"boolean","default_value":true,"actual_value":false,"input_value":false,"level":"expert","values":[],"is_member_of_frames":[],"is_mutually_exclusive_with":[],"gridable":false},{"__meta":{"schema_version":3,"schema_name":"ModelParameterSchemaV3","schema_type":"Iced"},"name":"keep_cross_validation_predictions","label":"keep_cross_validation_predictions","help":"Whether to keep the predictions of the cross-validation models.","required":false,"type":"boolean","default_value":false,"actual_value":true,"input_value":true,"level":"expert","values":[],"is_member_of_frames":[],"is_mutually_exclusive_with":[],"gridable":false},{"__meta":{"schema_version":3,"schema_name":"ModelParameterSchemaV3","schema_type":"Iced"},"name":"keep_cross_validation_fold_assignment","label":"keep_cross_validation_fold_assignment","help":"Whether to keep the cross-validation fold assignment.","required":false,"type":"boolean","default_value":false,"actual_value":false,"input_value":false,"level":"expert","values":[],"is_member_of_frames":[],"is_mutually_exclusive_with":[],"gridable":false},{"__meta":{"schema_version":3,"schema_name":"ModelParameterSchemaV3","schema_type":"Iced"},"name":"score_each_iteration","label":"score_each_iteration","help":"Whether to score during each iteration of model training.","required":false,"type":"boolean","default_value":false,"actual_value":false,"input_value":false,"level":"secondary","values":[],"is_member_of_frames":[],"is_mutually_exclusive_with":[],"gridable":false},{"__meta":{"schema_version":3,"schema_name":"ModelParameterSchemaV3","schema_type":"Iced"},"name":"score_tree_interval","label":"score_tree_interval","help":"Score the model after every so many trees. Disabled if set to 0.","required":false,"type":"int","default_value":0,"actual_value":5,"input_value":5,"level":"secondary","values":[],"is_member_of_frames":[],"is_mutually_exclusive_with":[],"gridable":false},{"__meta":{"schema_version":3,"schema_name":"ModelParameterSchemaV3","schema_type":"Iced"},"name":"fold_assignment","label":"fold_assignment","help":"Cross-validation fold assignment scheme, if fold_column is not specified. The 'Stratified' option will stratify the folds based on the response variable, for classification problems.","required":false,"type":"enum","default_value":"AUTO","actual_value":"Modulo","input_value":"Modulo","level":"secondary","values":["AUTO","Random","Modulo","Stratified"],"is_member_of_frames":[],"is_mutually_exclusive_with":[],"gridable":true},{"__meta":{"schema_version":3,"schema_name":"ModelParameterSchemaV3","schema_type":"Iced"},"name":"fold_column","label":"fold_column","help":"Column with cross-validation fold index assignment per observation.","required":false,"type":"VecSpecifier","default_value":null,"actual_value":null,"input_value":null,"level":"secondary","values":[],"is_member_of_frames":["training_frame"],"is_mutually_exclusive_with":["response_column","weights_column","ignored_columns","offset_column"],"gridable":true},{"__meta":{"schema_version":3,"schema_name":"ModelParameterSchemaV3","schema_type":"Iced"},"name":"response_column","label":"response_column","help":"Response variable column.","required":false,"type":"VecSpecifier","default_value":null,"actual_value":{"__meta":{"schema_version":3,"schema_name":"ColSpecifierV3","schema_type":"VecSpecifier"},"column_name":"price_vnd","is_member_of_frames":null},"input_value":{"__meta":{"schema_version":3,"schema_name":"ColSpecifierV3","schema_type":"VecSpecifier"},"column_name":"price_vnd","is_member_of_frames":null},"level":"critical","values":[],"is_member_of_frames":["training_frame","validation_frame"],"is_mutually_exclusive_with":["weights_column","ignored_columns","offset_column","fold_column"],"gridable":true},{"__meta":{"schema_version":3,"schema_name":"ModelParameterSchemaV3","schema_type":"Iced"},"name":"ignored_columns","label":"ignored_columns","help":"Names of columns to ignore for training.","required":false,"type":"string[]","default_value":null,"actual_value":[],"input_value":[],"level":"critical","values":[],"is_member_of_frames":["training_frame","validation_frame"],"is_mutually_exclusive_with":["response_column","weights_column","offset_column","fold_column"],"gridable":false},{"__meta":{"schema_version":3,"schema_name":"ModelParameterSchemaV3","schema_type":"Iced"},"name":"ignore_const_cols","label":"ignore_const_cols","help":"Ignore constant columns.","required":false,"type":"boolean","default_value":true,"actual_value":true,"input_value":true,"level":"critical","values":[],"is_member_of_frames":[],"is_mutually_exclusive_with":[],"gridable":false},{"__meta":{"schema_version":3,"schema_name":"ModelParameterSchemaV3","schema_type":"Iced"},"name":"offset_column","label":"offset_column","help":"Offset column. This will be added to the combination of columns before applying the link function.","required":false,"type":"VecSpecifier","default_value":null,"actual_value":null,"input_value":null,"level":"secondary","values":[],"is_member_of_frames":["training_frame","validation_frame"],"is_mutually_exclusive_with":["response_column","weights_column","ignored_columns","fold_column"],"gridable":true},{"__meta":{"schema_version":3,"schema_name":"ModelParameterSchemaV3","schema_type":"Iced"},"name":"weights_column","label":"weights_column","help":"Column with observation weights. Giving some observation a weight of zero is equivalent to excluding it from the dataset; giving an observation a relative weight of 2 is equivalent to repeating that row twice. Negative weights are not allowed. Note: Weights are per-row observation weights and do not increase the size of the data frame. This is typically the number of times a row is repeated, but non-integer values are supported as well. During training, rows with higher weights matter more, due to the larger loss function pre-factor. If you set weight = 0 for a row, the returned prediction frame at that row is zero and this is incorrect. To get an accurate prediction, remove all rows with weight == 0.","required":false,"type":"VecSpecifier","default_value":null,"actual_value":null,"input_value":null,"level":"secondary","values":[],"is_member_of_frames":["training_frame","validation_frame"],"is_mutually_exclusive_with":["response_column","ignored_columns","offset_column","fold_column"],"gridable":true},{"__meta":{"schema_version":3,"schema_name":"ModelParameterSchemaV3","schema_type":"Iced"},"name":"balance_classes","label":"balance_classes","help":"Balance training data class counts via over/under-sampling (for imbalanced data).","required":false,"type":"boolean","default_value":false,"actual_value":false,"input_value":false,"level":"secondary","values":[],"is_member_of_frames":[],"is_mutually_exclusive_with":[],"gridable":true},{"__meta":{"schema_version":3,"schema_name":"ModelParameterSchemaV3","schema_type":"Iced"},"name":"class_sampling_factors","label":"class_sampling_factors","help":"Desired over/under-sampling ratios per class (in lexicographic order). If not specified, sampling factors will be automatically computed to obtain class balance during training. Requires balance_classes.","required":false,"type":"float[]","default_value":null,"actual_value":null,"input_value":null,"level":"expert","values":[],"is_member_of_frames":[],"is_mutually_exclusive_with":[],"gridable":true},{"__meta":{"schema_version":3,"schema_name":"ModelParameterSchemaV3","schema_type":"Iced"},"name":"max_after_balance_size","label":"max_after_balance_size","help":"Maximum relative size of the training data after balancing class counts (can be less than 1.0). Requires balance_classes.","required":false,"type":"float","default_value":5.0,"actual_value":5.0,"input_value":5.0,"level":"expert","values":[],"is_member_of_frames":[],"is_mutually_exclusive_with":[],"gridable":true},{"__meta":{"schema_version":3,"schema_name":"ModelParameterSchemaV3","schema_type":"Iced"},"name":"max_confusion_matrix_size","label":"max_confusion_matrix_size","help":"[Deprecated] Maximum size (# classes) for confusion matrices to be printed in the Logs","required":false,"type":"int","default_value":20,"actual_value":20,"input_value":20,"level":"secondary","values":[],"is_member_of_frames":[],"is_mutually_exclusive_with":[],"gridable":false},{"__meta":{"schema_version":3,"schema_name":"ModelParameterSchemaV3","schema_type":"Iced"},"name":"ntrees","label":"ntrees","help":"Number of trees.","required":false,"type":"int","default_value":50,"actual_value":43,"input_value":50,"level":"critical","values":[],"is_member_of_frames":[],"is_mutually_exclusive_with":[],"gridable":true},{"__meta":{"schema_version":3,"schema_name":"ModelParameterSchemaV3","schema_type":"Iced"},"name":"max_depth","label":"max_depth","help":"Maximum tree depth (0 for unlimited).","required":false,"type":"int","default_value":20,"actual_value":20,"input_value":20,"level":"critical","values":[],"is_member_of_frames":[],"is_mutually_exclusive_with":[],"gridable":true},{"__meta":{"schema_version":3,"schema_name":"ModelParameterSchemaV3","schema_type":"Iced"},"name":"min_rows","label":"min_rows","help":"Fewest allowed (weighted) observations in a leaf.","required":false,"type":"double","default_value":1.0,"actual_value":1.0,"input_value":1.0,"level":"critical","values":[],"is_member_of_frames":[],"is_mutually_exclusive_with":[],"gridable":true},{"__meta":{"schema_version":3,"schema_name":"ModelParameterSchemaV3","schema_type":"Iced"},"name":"nbins","label":"nbins","help":"For numerical columns (real/int), build a histogram of (at least) this many bins, then split at the best point","required":false,"type":"int","default_value":20,"actual_value":20,"input_value":20,"level":"critical","values":[],"is_member_of_frames":[],"is_mutually_exclusive_with":[],"gridable":true},{"__meta":{"schema_version":3,"schema_name":"ModelParameterSchemaV3","schema_type":"Iced"},"name":"nbins_top_level","label":"nbins_top_level","help":"For numerical columns (real/int), build a histogram of (at most) this many bins at the root level, then decrease by factor of two per level","required":false,"type":"int","default_value":1024,"actual_value":1024,"input_value":1024,"level":"secondary","values":[],"is_member_of_frames":[],"is_mutually_exclusive_with":[],"gridable":true},{"__meta":{"schema_version":3,"schema_name":"ModelParameterSchemaV3","schema_type":"Iced"},"name":"nbins_cats","label":"nbins_cats","help":"For categorical columns (factors), build a histogram of this many bins, then split at the best point. Higher values can lead to more overfitting.","required":false,"type":"int","default_value":1024,"actual_value":1024,"input_value":1024,"level":"secondary","values":[],"is_member_of_frames":[],"is_mutually_exclusive_with":[],"gridable":true},{"__meta":{"schema_version":3,"schema_name":"ModelParameterSchemaV3","schema_type":"Iced"},"name":"r2_stopping","label":"r2_stopping","help":"r2_stopping is no longer supported and will be ignored if set - please use stopping_rounds, stopping_metric and stopping_tolerance instead. Previous version of H2O would stop making trees when the R^2 metric equals or exceeds this","required":false,"type":"double","default_value":1.7976931348623157E308,"actual_value":1.7976931348623157E308,"input_value":1.7976931348623157E308,"level":"secondary","values":[],"is_member_of_frames":[],"is_mutually_exclusive_with":[],"gridable":true},{"__meta":{"schema_version":3,"schema_name":"ModelParameterSchemaV3","schema_type":"Iced"},"name":"stopping_rounds","label":"stopping_rounds","help":"Early stopping based on convergence of stopping_metric. Stop if simple moving average of length k of the stopping_metric does not improve for k:=stopping_rounds scoring events (0 to disable)","required":false,"type":"int","default_value":0,"actual_value":0,"input_value":3,"level":"secondary","values":[],"is_member_of_frames":[],"is_mutually_exclusive_with":[],"gridable":true},{"__meta":{"schema_version":3,"schema_name":"ModelParameterSchemaV3","schema_type":"Iced"},"name":"stopping_metric","label":"stopping_metric","help":"Metric to use for early stopping (AUTO: logloss for classification, deviance for regression and anonomaly_score for Isolation Forest). Note that custom and custom_increasing can only be used in GBM and DRF with the Python client.","required":false,"type":"enum","default_value":"AUTO","actual_value":"deviance","input_value":"deviance","level":"secondary","values":["AUTO","deviance","logloss","MSE","RMSE","MAE","RMSLE","AUC","AUCPR","lift_top_group","misclassification","mean_per_class_error","anomaly_score","custom","custom_increasing"],"is_member_of_frames":[],"is_mutually_exclusive_with":[],"gridable":true},{"__meta":{"schema_version":3,"schema_name":"ModelParameterSchemaV3","schema_type":"Iced"},"name":"stopping_tolerance","label":"stopping_tolerance","help":"Relative tolerance for metric-based stopping criterion (stop if relative improvement is not at least this much)","required":false,"type":"double","default_value":0.001,"actual_value":0.001,"input_value":0.001,"level":"secondary","values":[],"is_member_of_frames":[],"is_mutually_exclusive_with":[],"gridable":true},{"__meta":{"schema_version":3,"schema_name":"ModelParameterSchemaV3","schema_type":"Iced"},"name":"max_runtime_secs","label":"max_runtime_secs","help":"Maximum allowed runtime in seconds for model training. Use 0 to disable.","required":false,"type":"double","default_value":0.0,"actual_value":29.166666666666664,"input_value":70.0,"level":"secondary","values":[],"is_member_of_frames":[],"is_mutually_exclusive_with":[],"gridable":true},{"__meta":{"schema_version":3,"schema_name":"ModelParameterSchemaV3","schema_type":"Iced"},"name":"seed","label":"seed","help":"Seed for pseudo random number generator (if applicable)","required":false,"type":"long","default_value":-1,"actual_value":1622535326244,"input_value":1622535326244,"level":"critical","values":[],"is_member_of_frames":[],"is_mutually_exclusive_with":[],"gridable":true},{"__meta":{"schema_version":3,"schema_name":"ModelParameterSchemaV3","schema_type":"Iced"},"name":"build_tree_one_node","label":"build_tree_one_node","help":"Run on one node only; no network overhead but fewer cpus used. Suitable for small datasets.","required":false,"type":"boolean","default_value":false,"actual_value":false,"input_value":false,"level":"expert","values":[],"is_member_of_frames":[],"is_mutually_exclusive_with":[],"gridable":false},{"__meta":{"schema_version":3,"schema_name":"ModelParameterSchemaV3","schema_type":"Iced"},"name":"mtries","label":"mtries","help":"Number of variables randomly sampled as candidates at each split. If set to -1, defaults to sqrt{p} for classification and p/3 for regression (where p is the # of predictors","required":false,"type":"int","default_value":-1,"actual_value":-1,"input_value":-1,"level":"critical","values":[],"is_member_of_frames":[],"is_mutually_exclusive_with":[],"gridable":true},{"__meta":{"schema_version":3,"schema_name":"ModelParameterSchemaV3","schema_type":"Iced"},"name":"sample_rate","label":"sample_rate","help":"Row sample rate per tree (from 0.0 to 1.0)","required":false,"type":"double","default_value":0.632,"actual_value":0.632,"input_value":0.632,"level":"critical","values":[],"is_member_of_frames":[],"is_mutually_exclusive_with":[],"gridable":true},{"__meta":{"schema_version":3,"schema_name":"ModelParameterSchemaV3","schema_type":"Iced"},"name":"sample_rate_per_class","label":"sample_rate_per_class","help":"A list of row sample rates per class (relative fraction for each class, from 0.0 to 1.0), for each tree","required":false,"type":"double[]","default_value":null,"actual_value":null,"input_value":null,"level":"expert","values":[],"is_member_of_frames":[],"is_mutually_exclusive_with":[],"gridable":true},{"__meta":{"schema_version":3,"schema_name":"ModelParameterSchemaV3","schema_type":"Iced"},"name":"binomial_double_trees","label":"binomial_double_trees","help":"For binary classification: Build 2x as many trees (one per class) - can lead to higher accuracy.","required":false,"type":"boolean","default_value":false,"actual_value":false,"input_value":false,"level":"expert","values":[],"is_member_of_frames":[],"is_mutually_exclusive_with":[],"gridable":false},{"__meta":{"schema_version":3,"schema_name":"ModelParameterSchemaV3","schema_type":"Iced"},"name":"checkpoint","label":"checkpoint","help":"Model checkpoint to resume training with.","required":false,"type":"Key<Model>","default_value":null,"actual_value":null,"input_value":null,"level":"secondary","values":[],"is_member_of_frames":[],"is_mutually_exclusive_with":[],"gridable":false},{"__meta":{"schema_version":3,"schema_name":"ModelParameterSchemaV3","schema_type":"Iced"},"name":"col_sample_rate_change_per_level","label":"col_sample_rate_change_per_level","help":"Relative change of the column sampling rate for every level (must be > 0.0 and <= 2.0)","required":false,"type":"double","default_value":1.0,"actual_value":1.0,"input_value":1.0,"level":"expert","values":[],"is_member_of_frames":[],"is_mutually_exclusive_with":[],"gridable":true},{"__meta":{"schema_version":3,"schema_name":"ModelParameterSchemaV3","schema_type":"Iced"},"name":"col_sample_rate_per_tree","label":"col_sample_rate_per_tree","help":"Column sample rate per tree (from 0.0 to 1.0)","required":false,"type":"double","default_value":1.0,"actual_value":1.0,"input_value":1.0,"level":"secondary","values":[],"is_member_of_frames":[],"is_mutually_exclusive_with":[],"gridable":true},{"__meta":{"schema_version":3,"schema_name":"ModelParameterSchemaV3","schema_type":"Iced"},"name":"min_split_improvement","label":"min_split_improvement","help":"Minimum relative improvement in squared error reduction for a split to happen","required":false,"type":"double","default_value":1.0E-5,"actual_value":1.0E-5,"input_value":1.0E-5,"level":"secondary","values":[],"is_member_of_frames":[],"is_mutually_exclusive_with":[],"gridable":true},{"__meta":{"schema_version":3,"schema_name":"ModelParameterSchemaV3","schema_type":"Iced"},"name":"histogram_type","label":"histogram_type","help":"What type of histogram to use for finding optimal split points","required":false,"type":"enum","default_value":"AUTO","actual_value":"UniformAdaptive","input_value":"AUTO","level":"secondary","values":["AUTO","UniformAdaptive","Random","QuantilesGlobal","RoundRobin","UniformRobust"],"is_member_of_frames":[],"is_mutually_exclusive_with":[],"gridable":true},{"__meta":{"schema_version":3,"schema_name":"ModelParameterSchemaV3","schema_type":"Iced"},"name":"categorical_encoding","label":"categorical_encoding","help":"Encoding scheme for categorical features","required":false,"type":"enum","default_value":"AUTO","actual_value":"Enum","input_value":"AUTO","level":"secondary","values":["AUTO","Enum","OneHotInternal","OneHotExplicit","Binary","Eigen","LabelEncoder","SortByResponse","EnumLimited"],"is_member_of_frames":[],"is_mutually_exclusive_with":[],"gridable":true},{"__meta":{"schema_version":3,"schema_name":"ModelParameterSchemaV3","schema_type":"Iced"},"name":"calibrate_model","label":"calibrate_model","help":"Use Platt Scaling to calculate calibrated class probabilities. Calibration can provide more accurate estimates of class probabilities.","required":false,"type":"boolean","default_value":false,"actual_value":false,"input_value":false,"level":"expert","values":[],"is_member_of_frames":[],"is_mutually_exclusive_with":[],"gridable":false},{"__meta":{"schema_version":3,"schema_name":"ModelParameterSchemaV3","schema_type":"Iced"},"name":"calibration_frame","label":"calibration_frame","help":"Calibration frame for Platt Scaling","required":false,"type":"Key<Frame>","default_value":null,"actual_value":null,"input_value":null,"level":"expert","values":[],"is_member_of_frames":[],"is_mutually_exclusive_with":[],"gridable":false},{"__meta":{"schema_version":3,"schema_name":"ModelParameterSchemaV3","schema_type":"Iced"},"name":"distribution","label":"distribution","help":"Distribution function","required":false,"type":"enum","default_value":"AUTO","actual_value":"gaussian","input_value":"gaussian","level":"secondary","values":["AUTO","bernoulli","quasibinomial","ordinal","multinomial","gaussian","poisson","gamma","tweedie","laplace","quantile","huber","custom"],"is_member_of_frames":[],"is_mutually_exclusive_with":[],"gridable":true},{"__meta":{"schema_version":3,"schema_name":"ModelParameterSchemaV3","schema_type":"Iced"},"name":"custom_metric_func","label":"custom_metric_func","help":"Reference to custom evaluation function, format: `language:keyName=funcName`","required":false,"type":"string","default_value":null,"actual_value":null,"input_value":null,"level":"secondary","values":[],"is_member_of_frames":[],"is_mutually_exclusive_with":[],"gridable":false},{"__meta":{"schema_version":3,"schema_name":"ModelParameterSchemaV3","schema_type":"Iced"},"name":"export_checkpoints_dir","label":"export_checkpoints_dir","help":"Automatically export generated models to this directory.","required":false,"type":"string","default_value":null,"actual_value":null,"input_value":null,"level":"secondary","values":[],"is_member_of_frames":[],"is_mutually_exclusive_with":[],"gridable":false},{"__meta":{"schema_version":3,"schema_name":"ModelParameterSchemaV3","schema_type":"Iced"},"name":"check_constant_response","label":"check_constant_response","help":"Check if response column is constant. If enabled, then an exception is thrown if the response column is a constant value.If disabled, then model will train regardless of the response column being a constant value or not.","required":false,"type":"boolean","default_value":true,"actual_value":true,"input_value":true,"level":"expert","values":[],"is_member_of_frames":[],"is_mutually_exclusive_with":[],"gridable":false},{"__meta":{"schema_version":3,"schema_name":"ModelParameterSchemaV3","schema_type":"Iced"},"name":"gainslift_bins","label":"gainslift_bins","help":"Gains/Lift table number of bins. 0 means disabled.. Default value -1 means automatic binning.","required":false,"type":"int","default_value":-1,"actual_value":-1,"input_value":-1,"level":"secondary","values":[],"is_member_of_frames":[],"is_mutually_exclusive_with":[],"gridable":false},{"__meta":{"schema_version":3,"schema_name":"ModelParameterSchemaV3","schema_type":"Iced"},"name":"auc_type","label":"auc_type","help":"Set default multinomial AUC type.","required":false,"type":"enum","default_value":"AUTO","actual_value":"AUTO","input_value":"AUTO","level":"secondary","values":["AUTO","NONE","MACRO_OVR","WEIGHTED_OVR","MACRO_OVO","WEIGHTED_OVO"],"is_member_of_frames":[],"is_mutually_exclusive_with":[],"gridable":true}],"output":{"__meta":{"schema_version":3,"schema_name":"DRFModelOutputV3","schema_type":"DRFOutput"},"names":["sim_number","taxi","tien_len","so_khong","so_mot","so_hai","so_ba","so_bon","so_nam","so_sau","so_bay","so_tam","so_chin","nha_mang","dau_so_cu-moi","tam_hoa_giua","tam_hoa_duoi","tu_quy_giua","tu_quy_duoi","ngu_quy_giua","ngu_quy_duoi","luc_quy_giua","luc_quy_duoi","nam_sinh","ong_dia","than_tai","phongthuy","sim_phon_thuy","THD","TQD","NQD","LQD","price_vnd"],"original_names":null,"column_types":["Numeric","Numeric","Enum","Numeric","Numeric","Numeric","Numeric","Numeric","Numeric","Numeric","Numeric","Numeric","Numeric","Enum","Enum","Enum","Enum","Enum","Enum","Enum","Enum","Enum","Enum","Numeric","Enum","Enum","Numeric","Enum","Enum","Enum","Enum","Enum","Numeric"],"domains":[null,null,["NA","3456789","345678","456789","2345678","6789","56789","357","789","2345","012345","234567","456","579","123","23456","678","34567","123456","468","5678","135","345","234","45678","3456","12345","567","1234","4567","012","01234","13579","246","02468","0123","3579","024","2468","1357","0246"],null,null,null,null,null,null,null,null,null,null,["Mobiphone","Vinaphone","Viettel","Vietnamobile","Gmobile","I-telecom"],["moi_Mobiphone","cu_Vinaphone","cu_Viettel","moi_Vinaphone","moi_Vietnamobile","moi_Viettel","cu_Gmobile","cu_Vietnamobile","cu_Mobiphone","I-telecom"],["tam_hoa_giua","tam_hoa_giua_5","NA","tam_hoa_giua_4","tam_hoa_giua_2","tam_hoa_giua_3","tam_hoa_giua_1"],["tam_hoa_duoi","tam_hoa_duoi_5","NA","tam_hoa_duoi_4","tam_hoa_duoi_2","tam_hoa_duoi_3","tam_hoa_duoi_1"],["tu_quy_giua","tu_quy_giua_dep_3","NA","tu_quy_giua_dep_2","tu_quy_giua_dep_1"],["tu_quy_duoi","tu_quy_duoi_dep_3","NA","tu_quy_duoi_dep_2","tu_quy_duoi_dep_1"],["ngu_quy_giua","NA","ngu_quy_giua_dep_2","ngu_quy_giua_dep_1"],["ngu_quy_duoi","NA","ngu_quy_duoi_dep_2","ngu_quy_duoi_dep_1"],["luc_quy_giua","NA"],["luc_quy_duoi","NA"],null,["NA","ong_dia_nho","ong_dia_lon"],["NA","than_tai_lon","than_tai_nho"],null,["C","H","B","DC","DH"],["777","0","888","333"],["7777","0","8888","3333"],["77777","0","88888","33333"],["777777","0","888888","333333"],null],"cross_validation_models":null,"cross_validation_predictions":[{"__meta":{"schema_version":3,"schema_name":"FrameKeyV3","schema_type":"Key<Frame>"},"name":"prediction_DRF_1_AutoML_34_20221212_33932_cv_1","type":"Key<Frame>","URL":"/3/Frames/prediction_DRF_1_AutoML_34_20221212_33932_cv_1"},{"__meta":{"schema_version":3,"schema_name":"FrameKeyV3","schema_type":"Key<Frame>"},"name":"prediction_DRF_1_AutoML_34_20221212_33932_cv_2","type":"Key<Frame>","URL":"/3/Frames/prediction_DRF_1_AutoML_34_20221212_33932_cv_2"},{"__meta":{"schema_version":3,"schema_name":"FrameKeyV3","schema_type":"Key<Frame>"},"name":"prediction_DRF_1_AutoML_34_20221212_33932_cv_3","type":"Key<Frame>","URL":"/3/Frames/prediction_DRF_1_AutoML_34_20221212_33932_cv_3"},{"__meta":{"schema_version":3,"schema_name":"FrameKeyV3","schema_type":"Key<Frame>"},"name":"prediction_DRF_1_AutoML_34_20221212_33932_cv_4","type":"Key<Frame>","URL":"/3/Frames/prediction_DRF_1_AutoML_34_20221212_33932_cv_4"},{"__meta":{"schema_version":3,"schema_name":"FrameKeyV3","schema_type":"Key<Frame>"},"name":"prediction_DRF_1_AutoML_34_20221212_33932_cv_5","type":"Key<Frame>","URL":"/3/Frames/prediction_DRF_1_AutoML_34_20221212_33932_cv_5"}],"cross_validation_holdout_predictions_frame_id":{"__meta":{"schema_version":3,"schema_name":"FrameKeyV3","schema_type":"Key<Frame>"},"name":"cv_holdout_prediction_DRF_1_AutoML_34_20221212_33932","type":"Key<Frame>","URL":"/3/Frames/cv_holdout_prediction_DRF_1_AutoML_34_20221212_33932"},"cross_validation_fold_assignment_frame_id":null,"model_category":"Regression","model_summary":{"__meta":{"schema_version":3,"schema_name":"TwoDimTableV3","schema_type":"TwoDimTable"},"name":"Model Summary","description":"","columns":[{"__meta":{"schema_version":-1,"schema_name":"ColumnSpecsBase","schema_type":"Iced"},"name":"","type":"string","format":"%s","description":""},{"__meta":{"schema_version":-1,"schema_name":"ColumnSpecsBase","schema_type":"Iced"},"name":"number_of_trees","type":"long","format":"%d","description":"Number of Trees"},{"__meta":{"schema_version":-1,"schema_name":"ColumnSpecsBase","schema_type":"Iced"},"name":"number_of_internal_trees","type":"long","format":"%d","description":"Number of Internal Trees"},{"__meta":{"schema_version":-1,"schema_name":"ColumnSpecsBase","schema_type":"Iced"},"name":"model_size_in_bytes","type":"long","format":"%d","description":"Model Size in Bytes"},{"__meta":{"schema_version":-1,"schema_name":"ColumnSpecsBase","schema_type":"Iced"},"name":"min_depth","type":"long","format":"%d","description":"Min. Depth"},{"__meta":{"schema_version":-1,"schema_name":"ColumnSpecsBase","schema_type":"Iced"},"name":"max_depth","type":"long","format":"%d","description":"Max. Depth"},{"__meta":{"schema_version":-1,"schema_name":"ColumnSpecsBase","schema_type":"Iced"},"name":"mean_depth","type":"double","format":"%.5f","description":"Mean Depth"},{"__meta":{"schema_version":-1,"schema_name":"ColumnSpecsBase","schema_type":"Iced"},"name":"min_leaves","type":"long","format":"%d","description":"Min. Leaves"},{"__meta":{"schema_version":-1,"schema_name":"ColumnSpecsBase","schema_type":"Iced"},"name":"max_leaves","type":"long","format":"%d","description":"Max. Leaves"},{"__meta":{"schema_version":-1,"schema_name":"ColumnSpecsBase","schema_type":"Iced"},"name":"mean_leaves","type":"double","format":"%.5f","description":"Mean Leaves"}],"rowcount":1,"data":[[""],[25],[25],[990295],[20],[20],[20.0],[1846],[4763],[3112.76]]},"scoring_history":{"__meta":{"schema_version":3,"schema_name":"TwoDimTableV3","schema_type":"TwoDimTable"},"name":"Scoring History","description":"","columns":[{"__meta":{"schema_version":-1,"schema_name":"ColumnSpecsBase","schema_type":"Iced"},"name":"","type":"string","format":"%s","description":""},{"__meta":{"schema_version":-1,"schema_name":"ColumnSpecsBase","schema_type":"Iced"},"name":"timestamp","type":"string","format":"%s","description":"Timestamp"},{"__meta":{"schema_version":-1,"schema_name":"ColumnSpecsBase","schema_type":"Iced"},"name":"duration","type":"string","format":"%s","description":"Duration"},{"__meta":{"schema_version":-1,"schema_name":"ColumnSpecsBase","schema_type":"Iced"},"name":"number_of_trees","type":"long","format":"%d","description":"Number of Trees"},{"__meta":{"schema_version":-1,"schema_name":"ColumnSpecsBase","schema_type":"Iced"},"name":"training_rmse","type":"double","format":"%.5f","description":"Training RMSE"},{"__meta":{"schema_version":-1,"schema_name":"ColumnSpecsBase","schema_type":"Iced"},"name":"training_mae","type":"double","format":"%.5f","description":"Training MAE"},{"__meta":{"schema_version":-1,"schema_name":"ColumnSpecsBase","schema_type":"Iced"},"name":"training_deviance","type":"double","format":"%.5f","description":"Training Deviance"}],"rowcount":6,"data":[["","","","","",""],["2022-12-12 03:40:33","2022-12-12 03:40:34","2022-12-12 03:40:35","2022-12-12 03:40:36","2022-12-12 03:40:37","2022-12-12 03:40:38"],[" 1 min  1.202 sec"," 1 min  2.333 sec"," 1 min  3.211 sec"," 1 min  4.170 sec"," 1 min  5.212 sec"," 1 min  6.060 sec"],[0,5,10,15,20,25],["NaN",1.2697890842658399E8,1.0622978508549444E8,1.0012355704787962E8,9.934295067208467E7,1.0218858672277774E8],["NaN",7767220.4969211295,7287360.183886464,6970217.741244373,6851055.356719556,6839910.158827399],["NaN",1.6123643185206802E16,1.1284767239310338E16,1.0024726675920006E16,9.869021848236248E15,1.0442507256398666E16]]},"cv_scoring_history":[{"__meta":{"schema_version":3,"schema_name":"TwoDimTableV3","schema_type":"TwoDimTable"},"name":"Scoring History","description":"","columns":[{"__meta":{"schema_version":-1,"schema_name":"ColumnSpecsBase","schema_type":"Iced"},"name":"","type":"string","format":"%s","description":""},{"__meta":{"schema_version":-1,"schema_name":"ColumnSpecsBase","schema_type":"Iced"},"name":"timestamp","type":"string","format":"%s","description":"Timestamp"},{"__meta":{"schema_version":-1,"schema_name":"ColumnSpecsBase","schema_type":"Iced"},"name":"duration","type":"string","format":"%s","description":"Duration"},{"__meta":{"schema_version":-1,"schema_name":"ColumnSpecsBase","schema_type":"Iced"},"name":"number_of_trees","type":"long","format":"%d","description":"Number of Trees"},{"__meta":{"schema_version":-1,"schema_name":"ColumnSpecsBase","schema_type":"Iced"},"name":"training_rmse","type":"double","format":"%.5f","description":"Training RMSE"},{"__meta":{"schema_version":-1,"schema_name":"ColumnSpecsBase","schema_type":"Iced"},"name":"training_mae","type":"double","format":"%.5f","description":"Training MAE"},{"__meta":{"schema_version":-1,"schema_name":"ColumnSpecsBase","schema_type":"Iced"},"name":"training_deviance","type":"double","format":"%.5f","description":"Training Deviance"},{"__meta":{"schema_version":-1,"schema_name":"ColumnSpecsBase","schema_type":"Iced"},"name":"validation_rmse","type":"double","format":"%.5f","description":"Validation RMSE"},{"__meta":{"schema_version":-1,"schema_name":"ColumnSpecsBase","schema_type":"Iced"},"name":"validation_mae","type":"double","format":"%.5f","description":"Validation MAE"},{"__meta":{"schema_version":-1,"schema_name":"ColumnSpecsBase","schema_type":"Iced"},"name":"validation_deviance","type":"double","format":"%.5f","description":"Validation Deviance"}],"rowcount":8,"data":[["","","","","","","",""],["2022-12-12 03:39:32","2022-12-12 03:39:33","2022-12-12 03:39:35","2022-12-12 03:39:36","2022-12-12 03:39:37","2022-12-12 03:39:38","2022-12-12 03:39:39","2022-12-12 03:39:41"],[" 0.156 sec"," 1.378 sec"," 2.599 sec"," 3.694 sec"," 4.932 sec"," 6.208 sec"," 7.367 sec"," 8.675 sec"],[0,5,10,15,20,25,30,35],["NaN",9.87551734091257E7,9.40587403281842E7,8.880853153458515E7,8.449507512616056E7,8.422572776824313E7,8.476812640265991E7,8.364612844788875E7],["NaN",7529635.810894318,7137018.341165552,7008111.7942335745,6841881.635016574,6767894.211246628,6728206.520058141,6699631.25969049],["NaN",9.752584275066488E15,8.847046632124784E15,7.886955273329405E15,7.139417720575517E15,7.093973218090203E15,7.185635253817327E15,6.996674804320702E15],["NaN",2.3703508005615762E8,2.1370570750840855E8,2.2117108922829455E8,2.2208394861333683E8,2.2016979480222103E8,2.2134351758507523E8,2.2295738219615072E8],["NaN",7848012.953761588,7533970.241971369,7612434.324033585,7681868.174981976,7577148.984015109,7559445.158479464,7586352.877630432],["NaN",5.6185629177229048E16,4.5670129421669464E16,4.8916650710430232E16,4.932128023169124E16,4.8474738543252112E16,4.8992952776934504E16,4.9709994275760432E16]]},{"__meta":{"schema_version":3,"schema_name":"TwoDimTableV3","schema_type":"TwoDimTable"},"name":"Scoring History","description":"","columns":[{"__meta":{"schema_version":-1,"schema_name":"ColumnSpecsBase","schema_type":"Iced"},"name":"","type":"string","format":"%s","description":""},{"__meta":{"schema_version":-1,"schema_name":"ColumnSpecsBase","schema_type":"Iced"},"name":"timestamp","type":"string","format":"%s","description":"Timestamp"},{"__meta":{"schema_version":-1,"schema_name":"ColumnSpecsBase","schema_type":"Iced"},"name":"duration","type":"string","format":"%s","description":"Duration"},{"__meta":{"schema_version":-1,"schema_name":"ColumnSpecsBase","schema_type":"Iced"},"name":"number_of_trees","type":"long","format":"%d","description":"Number of Trees"},{"__meta":{"schema_version":-1,"schema_name":"ColumnSpecsBase","schema_type":"Iced"},"name":"training_rmse","type":"double","format":"%.5f","description":"Training RMSE"},{"__meta":{"schema_version":-1,"schema_name":"ColumnSpecsBase","schema_type":"Iced"},"name":"training_mae","type":"double","format":"%.5f","description":"Training MAE"},{"__meta":{"schema_version":-1,"schema_name":"ColumnSpecsBase","schema_type":"Iced"},"name":"training_deviance","type":"double","format":"%.5f","description":"Training Deviance"},{"__meta":{"schema_version":-1,"schema_name":"ColumnSpecsBase","schema_type":"Iced"},"name":"validation_rmse","type":"double","format":"%.5f","description":"Validation RMSE"},{"__meta":{"schema_version":-1,"schema_name":"ColumnSpecsBase","schema_type":"Iced"},"name":"validation_mae","type":"double","format":"%.5f","description":"Validation MAE"},{"__meta":{"schema_version":-1,"schema_name":"ColumnSpecsBase","schema_type":"Iced"},"name":"validation_deviance","type":"double","format":"%.5f","description":"Validation Deviance"}],"rowcount":11,"data":[["","","","","","","","","","",""],["2022-12-12 03:39:41","2022-12-12 03:39:42","2022-12-12 03:39:43","2022-12-12 03:39:44","2022-12-12 03:39:45","2022-12-12 03:39:47","2022-12-12 03:39:48","2022-12-12 03:39:49","2022-12-12 03:39:50","2022-12-12 03:39:52","2022-12-12 03:39:53"],[" 9.162 sec","10.153 sec","11.235 sec","12.458 sec","13.519 sec","14.628 sec","15.817 sec","17.003 sec","18.418 sec","19.738 sec","20.807 sec"],[0,5,10,15,20,25,30,35,40,45,48],["NaN",1.2953274269122007E8,1.0839154831292996E8,1.0985464921074548E8,1.0789751303701301E8,1.1108468655220012E8,1.1851007800222729E8,1.0584320169111972E8,1.086797599113899E8,1.1125298751708765E8,1.0995860299097997E8],["NaN",7832740.184598988,7267920.5626998795,7117601.543586274,6991182.868736018,6957624.773114996,6974595.947926565,6888082.436229986,6850556.653063688,6868762.147988799,6864376.062873604],["NaN",1.6778731429109828E16,1.1748727745674228E16,1.2068043953215942E16,1.1641873319572392E16,1.2339807586400552E16,1.4044638588093998E16,1.1202783344227046E16,1.1811290214397352E16,1.2377227231477262E16,1.209089437172795E16],["NaN",7.405040074490137E7,9.54791887856065E7,1.0617868549631503E8,1.1314229878222705E8,9.936757533349565E7,1.0511492126365466E8,1.0914119276097532E8,1.0750917472320607E8,1.0646836161070226E8,1.0828129859597194E8],["NaN",7356913.412890764,7220143.226457765,7195931.778231077,7196432.506655398,7042624.628416588,7043516.921220205,7044623.288514667,7003197.198466378,7012828.200599772,7022547.377304968],["NaN",5.48346185048049E15,9.116275491157488E15,1.127391325372538E16,1.2801179773726738E16,9.873915027657932E15,1.104914667226432E16,1.1911799957288372E16,1.1558222649664852E16,1.1335512024067258E16,1.1724839625630034E16]]},{"__meta":{"schema_version":3,"schema_name":"TwoDimTableV3","schema_type":"TwoDimTable"},"name":"Scoring History","description":"","columns":[{"__meta":{"schema_version":-1,"schema_name":"ColumnSpecsBase","schema_type":"Iced"},"name":"","type":"string","format":"%s","description":""},{"__meta":{"schema_version":-1,"schema_name":"ColumnSpecsBase","schema_type":"Iced"},"name":"timestamp","type":"string","format":"%s","description":"Timestamp"},{"__meta":{"schema_version":-1,"schema_name":"ColumnSpecsBase","schema_type":"Iced"},"name":"duration","type":"string","format":"%s","description":"Duration"},{"__meta":{"schema_version":-1,"schema_name":"ColumnSpecsBase","schema_type":"Iced"},"name":"number_of_trees","type":"long","format":"%d","description":"Number of Trees"},{"__meta":{"schema_version":-1,"schema_name":"ColumnSpecsBase","schema_type":"Iced"},"name":"training_rmse","type":"double","format":"%.5f","description":"Training RMSE"},{"__meta":{"schema_version":-1,"schema_name":"ColumnSpecsBase","schema_type":"Iced"},"name":"training_mae","type":"double","format":"%.5f","description":"Training MAE"},{"__meta":{"schema_version":-1,"schema_name":"ColumnSpecsBase","schema_type":"Iced"},"name":"training_deviance","type":"double","format":"%.5f","description":"Training Deviance"},{"__meta":{"schema_version":-1,"schema_name":"ColumnSpecsBase","schema_type":"Iced"},"name":"validation_rmse","type":"double","format":"%.5f","description":"Validation RMSE"},{"__meta":{"schema_version":-1,"schema_name":"ColumnSpecsBase","schema_type":"Iced"},"name":"validation_mae","type":"double","format":"%.5f","description":"Validation MAE"},{"__meta":{"schema_version":-1,"schema_name":"ColumnSpecsBase","schema_type":"Iced"},"name":"validation_deviance","type":"double","format":"%.5f","description":"Validation Deviance"}],"rowcount":11,"data":[["","","","","","","","","","",""],["2022-12-12 03:39:53","2022-12-12 03:39:54","2022-12-12 03:39:55","2022-12-12 03:39:56","2022-12-12 03:39:57","2022-12-12 03:39:59","2022-12-12 03:40:00","2022-12-12 03:40:01","2022-12-12 03:40:02","2022-12-12 03:40:04","2022-12-12 03:40:05"],["21.389 sec","22.352 sec","23.283 sec","24.374 sec","25.545 sec","26.566 sec","27.774 sec","29.013 sec","30.220 sec","31.559 sec","32.982 sec"],[0,5,10,15,20,25,30,35,40,45,50],["NaN",1.2504117500286712E8,1.0465728017667809E8,1.0404190830820651E8,1.0339596432007413E8,1.0805869321651798E8,1.1586600760354193E8,1.029670792827899E8,1.0544962836401404E8,1.070863876709957E8,1.0681102994476998E8],["NaN",8115789.107842729,7620402.396025389,7368318.936947371,7223278.903654503,7153136.8104160335,7132978.408670139,7047469.129779269,7013311.840566887,7029458.647666205,7001872.196830487],["NaN",1.563529544609764E16,1.0953146293979698E16,1.082471868441325E16,1.0690725437678042E16,1.167668117966155E16,1.3424931717984034E16,1.0602219416028342E16,1.1119624122108676E16,1.146749442442278E16,1.1408596117862548E16],["NaN",9.37153387034333E7,9.69155451960222E7,1.0436326979786156E8,1.0533760759507647E8,9.925622312625833E7,1.0048412911181203E8,9.76537989386897E7,9.705659414191522E7,9.83849181362819E7,9.8139693108725E7],["NaN",7023979.379453397,6979442.911341224,7105267.97566744,6910613.4740888085,6839321.296707644,6788412.928499238,6742930.427638358,6681992.338998487,6710102.925156791,6696678.4487885665],["NaN",8.782564708299225E15,9.392622900642222E15,1.0891692082901244E16,1.1096011573854312E16,9.851797829289578E15,1.0097060203359308E16,9.536264447158032E15,9.419982466428452E15,9.67959211668289E15,9.631399363474724E15]]},{"__meta":{"schema_version":3,"schema_name":"TwoDimTableV3","schema_type":"TwoDimTable"},"name":"Scoring History","description":"","columns":[{"__meta":{"schema_version":-1,"schema_name":"ColumnSpecsBase","schema_type":"Iced"},"name":"","type":"string","format":"%s","description":""},{"__meta":{"schema_version":-1,"schema_name":"ColumnSpecsBase","schema_type":"Iced"},"name":"timestamp","type":"string","format":"%s","description":"Timestamp"},{"__meta":{"schema_version":-1,"schema_name":"ColumnSpecsBase","schema_type":"Iced"},"name":"duration","type":"string","format":"%s","description":"Duration"},{"__meta":{"schema_version":-1,"schema_name":"ColumnSpecsBase","schema_type":"Iced"},"name":"number_of_trees","type":"long","format":"%d","description":"Number of Trees"},{"__meta":{"schema_version":-1,"schema_name":"ColumnSpecsBase","schema_type":"Iced"},"name":"training_rmse","type":"double","format":"%.5f","description":"Training RMSE"},{"__meta":{"schema_version":-1,"schema_name":"ColumnSpecsBase","schema_type":"Iced"},"name":"training_mae","type":"double","format":"%.5f","description":"Training MAE"},{"__meta":{"schema_version":-1,"schema_name":"ColumnSpecsBase","schema_type":"Iced"},"name":"training_deviance","type":"double","format":"%.5f","description":"Training Deviance"},{"__meta":{"schema_version":-1,"schema_name":"ColumnSpecsBase","schema_type":"Iced"},"name":"validation_rmse","type":"double","format":"%.5f","description":"Validation RMSE"},{"__meta":{"schema_version":-1,"schema_name":"ColumnSpecsBase","schema_type":"Iced"},"name":"validation_mae","type":"double","format":"%.5f","description":"Validation MAE"},{"__meta":{"schema_version":-1,"schema_name":"ColumnSpecsBase","schema_type":"Iced"},"name":"validation_deviance","type":"double","format":"%.5f","description":"Validation Deviance"}],"rowcount":11,"data":[["","","","","","","","","","",""],["2022-12-12 03:40:06","2022-12-12 03:40:07","2022-12-12 03:40:08","2022-12-12 03:40:09","2022-12-12 03:40:10","2022-12-12 03:40:11","2022-12-12 03:40:12","2022-12-12 03:40:13","2022-12-12 03:40:15","2022-12-12 03:40:16","2022-12-12 03:40:17"],["33.577 sec","34.579 sec","35.602 sec","36.601 sec","37.670 sec","38.714 sec","39.965 sec","41.253 sec","42.652 sec","43.917 sec","45.260 sec"],[0,5,10,15,20,25,30,35,40,45,50],["NaN",1.1695683916978623E8,9.966036808170123E7,1.0093162024162866E8,1.009290696057641E8,1.0574919448173985E8,1.1507765383754261E8,1.0308012851090316E8,1.0499145065248294E8,1.0730838301080346E8,1.0731497509888534E8],["NaN",7375112.865585344,6983848.445159871,6862386.604301621,6729578.118512517,6682823.329126914,6734490.172857958,6692731.056231757,6656323.794415052,6690040.290068124,6655063.082855394],["NaN",1.3678902228587244E16,9.932188966180174E15,1.0187191964600346E16,1.0186677091485176E16,1.1182892133536838E16,1.3242866412753284E16,1.062551289382431E16,1.102320471011276E16,1.1515089064393294E16,1.151650388047438E16],["NaN",1.0006563847906809E8,9.514666639631496E7,9.580471157698359E7,9.617948495995802E7,9.297689615738903E7,9.122173514308293E7,9.173476644803323E7,9.219012001069629E7,9.222793671962008E7,9.239298134061106E7],["NaN",7139150.671466894,6895063.536860006,6917385.037644894,6815881.815600118,6742248.146795287,6694961.531883142,6706872.725417729,6714237.269657035,6716300.339518558,6715092.849212264],["NaN",1.001313200422355E16,9.05288812633165E15,9.178542760349014E15,9.25049332716279E15,8.644703219061903E15,8.321404962514771E15,8.415267375275202E15,8.499018227586584E15,8.505992311558245E15,8.536463001006504E15]]},{"__meta":{"schema_version":3,"schema_name":"TwoDimTableV3","schema_type":"TwoDimTable"},"name":"Scoring History","description":"","columns":[{"__meta":{"schema_version":-1,"schema_name":"ColumnSpecsBase","schema_type":"Iced"},"name":"","type":"string","format":"%s","description":""},{"__meta":{"schema_version":-1,"schema_name":"ColumnSpecsBase","schema_type":"Iced"},"name":"timestamp","type":"string","format":"%s","description":"Timestamp"},{"__meta":{"schema_version":-1,"schema_name":"ColumnSpecsBase","schema_type":"Iced"},"name":"duration","type":"string","format":"%s","description":"Duration"},{"__meta":{"schema_version":-1,"schema_name":"ColumnSpecsBase","schema_type":"Iced"},"name":"number_of_trees","type":"long","format":"%d","description":"Number of Trees"},{"__meta":{"schema_version":-1,"schema_name":"ColumnSpecsBase","schema_type":"Iced"},"name":"training_rmse","type":"double","format":"%.5f","description":"Training RMSE"},{"__meta":{"schema_version":-1,"schema_name":"ColumnSpecsBase","schema_type":"Iced"},"name":"training_mae","type":"double","format":"%.5f","description":"Training MAE"},{"__meta":{"schema_version":-1,"schema_name":"ColumnSpecsBase","schema_type":"Iced"},"name":"training_deviance","type":"double","format":"%.5f","description":"Training Deviance"},{"__meta":{"schema_version":-1,"schema_name":"ColumnSpecsBase","schema_type":"Iced"},"name":"validation_rmse","type":"double","format":"%.5f","description":"Validation RMSE"},{"__meta":{"schema_version":-1,"schema_name":"ColumnSpecsBase","schema_type":"Iced"},"name":"validation_mae","type":"double","format":"%.5f","description":"Validation MAE"},{"__meta":{"schema_version":-1,"schema_name":"ColumnSpecsBase","schema_type":"Iced"},"name":"validation_deviance","type":"double","format":"%.5f","description":"Validation Deviance"}],"rowcount":11,"data":[["","","","","","","","","","",""],["2022-12-12 03:40:18","2022-12-12 03:40:19","2022-12-12 03:40:20","2022-12-12 03:40:21","2022-12-12 03:40:22","2022-12-12 03:40:23","2022-12-12 03:40:24","2022-12-12 03:40:25","2022-12-12 03:40:26","2022-12-12 03:40:28","2022-12-12 03:40:29"],["45.825 sec","46.763 sec","47.745 sec","48.726 sec","49.789 sec","50.874 sec","52.029 sec","53.235 sec","54.482 sec","55.843 sec","57.239 sec"],[0,5,10,15,20,25,30,35,40,45,50],["NaN",1.1964619771357836E8,1.0845577608743449E8,1.0727196137063819E8,1.0661102195846124E8,1.113283679792885E8,1.1963977030379845E8,1.0740824867648979E8,1.1002447603416859E8,1.1160457893191968E8,1.115133505707684E8],["NaN",7600938.44306101,7344743.3970414065,7177381.563835538,6993635.171380513,6916526.488712391,6882725.38493566,6816033.813084352,6784997.01755533,6810099.413468884,6781836.799806642],["NaN",1.4315212627316684E16,1.1762655366727726E16,1.1507273696303692E16,1.1365910003027504E16,1.239400551693187E16,1.4313674638345654E16,1.153653188375067E16,1.2105385326593336E16,1.245558203857109E16,1.2435227355519094E16],["NaN",7.295682537974603E7,7.662957215274647E7,7.151495837641554E7,7.106007534459409E7,7.099731568528877E7,7.047136960993466E7,6.913053068189476E7,6.938630085731497E7,6.854024652403875E7,6.9157619904871E7],["NaN",6748470.134323424,6689226.184881572,6605571.250625367,6519374.157623903,6510049.271177125,6437620.818338143,6393916.832067259,6362259.136186304,6353876.976718588,6364881.559445809],["NaN",5.322698369490755E15,5.872091328312977E15,5.114389271580446E15,5.04953430797939E15,5.040618834516551E15,4.966213934700023E15,4.779030272360393E15,4.814458746661829E15,4.697765393576005E15,4.78277639090661E15]]}],"reproducibility_information_table":[{"__meta":{"schema_version":3,"schema_name":"TwoDimTableV3","schema_type":"TwoDimTable"},"name":"Node Information","description":"","columns":[{"__meta":{"schema_version":-1,"schema_name":"ColumnSpecsBase","schema_type":"Iced"},"name":"","type":"string","format":"%s","description":""},{"__meta":{"schema_version":-1,"schema_name":"ColumnSpecsBase","schema_type":"Iced"},"name":"node","type":"int","format":"%d","description":"node"},{"__meta":{"schema_version":-1,"schema_name":"ColumnSpecsBase","schema_type":"Iced"},"name":"h2o","type":"string","format":"%s","description":"h2o"},{"__meta":{"schema_version":-1,"schema_name":"ColumnSpecsBase","schema_type":"Iced"},"name":"healthy","type":"string","format":"%s","description":"healthy"},{"__meta":{"schema_version":-1,"schema_name":"ColumnSpecsBase","schema_type":"Iced"},"name":"last_ping","type":"string","format":"%s","description":"last_ping"},{"__meta":{"schema_version":-1,"schema_name":"ColumnSpecsBase","schema_type":"Iced"},"name":"num_cpus","type":"int","format":"%d","description":"num_cpus"},{"__meta":{"schema_version":-1,"schema_name":"ColumnSpecsBase","schema_type":"Iced"},"name":"sys_load","type":"double","format":"%.5f","description":"sys_load"},{"__meta":{"schema_version":-1,"schema_name":"ColumnSpecsBase","schema_type":"Iced"},"name":"mem_value_size","type":"long","format":"%d","description":"mem_value_size"},{"__meta":{"schema_version":-1,"schema_name":"ColumnSpecsBase","schema_type":"Iced"},"name":"free_mem","type":"long","format":"%d","description":"free_mem"},{"__meta":{"schema_version":-1,"schema_name":"ColumnSpecsBase","schema_type":"Iced"},"name":"pojo_mem","type":"long","format":"%d","description":"pojo_mem"},{"__meta":{"schema_version":-1,"schema_name":"ColumnSpecsBase","schema_type":"Iced"},"name":"swap_mem","type":"long","format":"%d","description":"swap_mem"},{"__meta":{"schema_version":-1,"schema_name":"ColumnSpecsBase","schema_type":"Iced"},"name":"free_disc","type":"long","format":"%d","description":"free_disc"},{"__meta":{"schema_version":-1,"schema_name":"ColumnSpecsBase","schema_type":"Iced"},"name":"max_disc","type":"long","format":"%d","description":"max_disc"},{"__meta":{"schema_version":-1,"schema_name":"ColumnSpecsBase","schema_type":"Iced"},"name":"pid","type":"int","format":"%d","description":"pid"},{"__meta":{"schema_version":-1,"schema_name":"ColumnSpecsBase","schema_type":"Iced"},"name":"num_keys","type":"int","format":"%d","description":"num_keys"},{"__meta":{"schema_version":-1,"schema_name":"ColumnSpecsBase","schema_type":"Iced"},"name":"tcps_active","type":"string","format":"%s","description":"tcps_active"},{"__meta":{"schema_version":-1,"schema_name":"ColumnSpecsBase","schema_type":"Iced"},"name":"open_fds","type":"int","format":"%d","description":"open_fds"},{"__meta":{"schema_version":-1,"schema_name":"ColumnSpecsBase","schema_type":"Iced"},"name":"rpcs_active","type":"string","format":"%s","description":"rpcs_active"},{"__meta":{"schema_version":-1,"schema_name":"ColumnSpecsBase","schema_type":"Iced"},"name":"nthreads","type":"int","format":"%d","description":"nthreads"},{"__meta":{"schema_version":-1,"schema_name":"ColumnSpecsBase","schema_type":"Iced"},"name":"is_leader","type":"string","format":"%s","description":"is_leader"},{"__meta":{"schema_version":-1,"schema_name":"ColumnSpecsBase","schema_type":"Iced"},"name":"total_mem","type":"long","format":"%d","description":"total_mem"},{"__meta":{"schema_version":-1,"schema_name":"ColumnSpecsBase","schema_type":"Iced"},"name":"max_mem","type":"long","format":"%d","description":"max_mem"},{"__meta":{"schema_version":-1,"schema_name":"ColumnSpecsBase","schema_type":"Iced"},"name":"java_version","type":"string","format":"%s","description":"java_version"},{"__meta":{"schema_version":-1,"schema_name":"ColumnSpecsBase","schema_type":"Iced"},"name":"jvm_launch_parameters","type":"string","format":"%s","description":"jvm_launch_parameters"},{"__meta":{"schema_version":-1,"schema_name":"ColumnSpecsBase","schema_type":"Iced"},"name":"os_version","type":"string","format":"%s","description":"os_version"},{"__meta":{"schema_version":-1,"schema_name":"ColumnSpecsBase","schema_type":"Iced"},"name":"machine_physical_mem","type":"long","format":"%d","description":"machine_physical_mem"},{"__meta":{"schema_version":-1,"schema_name":"ColumnSpecsBase","schema_type":"Iced"},"name":"machine_locale","type":"string","format":"%s","description":"machine_locale"}],"rowcount":1,"data":[[""],[0],["127.0.0.1:54326"],["true"],["1670791232678"],[8],[0.8213843],[87070988],[3796539454],[298110646],[0],[8237613056],[131703242752],[15004],[2707],["\u0000"],[-1],["\u0000"],[8],["true"],[3250585600],[4181721088],["Java 17.0.3 (from Eclipse Adoptium)"],["[-server, -Dsun.java2d.d3d=false, -Dosgi.classloader.lock=classname, -XX:+UnlockDiagnosticVMOptions, -XX:+UseG1GC, -Dsun.net.client.defaultReadTimeout=0, -XX:CompileCommand=exclude,javax/swing/text/GlyphView,getBreakSpot, -Dknime.xml.disable_external_entities=true, --add-opens=java.base/java.lang=ALL-UNNAMED, --add-opens=java.base/java.lang.invoke=ALL-UNNAMED, --add-opens=java.base/java.net=ALL-UNNAMED, --add-opens=java.base/java.nio=ALL-UNNAMED, --add-opens=java.base/java.nio.channels=ALL-UNNAMED, --add-opens=java.base/java.util=ALL-UNNAMED, --add-opens=java.base/sun.nio.ch=ALL-UNNAMED, --add-opens=java.base/sun.nio=ALL-UNNAMED, --add-opens=java.desktop/javax.swing.plaf.basic=ALL-UNNAMED, --add-opens=java.base/sun.net.www.protocol.http=ALL-UNNAMED, -Xmx3987m, -Dorg.eclipse.swt.browser.IEVersion=11001, -Dsun.awt.noerasebackground=true, -Dequinox.statechange.timeout=30000, -Darrow.enable_unsafe_memory_access=true, -Darrow.memory.debug.allocator=false, -Darrow.enable_null_check_for_get=false, --add-opens=java.security.jgss/sun.security.jgss.krb5=ALL-UNNAMED, --add-exports=java.security.jgss/sun.security.jgss=ALL-UNNAMED, --add-exports=java.security.jgss/sun.security.jgss.spi=ALL-UNNAMED, --add-exports=java.security.jgss/sun.security.krb5.internal=ALL-UNNAMED, --add-exports=java.security.jgss/sun.security.krb5=ALL-UNNAMED]"],["Windows 11 10.0 (amd64)"],[16950755328],["en_GB"]]},{"__meta":{"schema_version":3,"schema_name":"TwoDimTableV3","schema_type":"TwoDimTable"},"name":"Cluster Configuration","description":"","columns":[{"__meta":{"schema_version":-1,"schema_name":"ColumnSpecsBase","schema_type":"Iced"},"name":"","type":"string","format":"%s","description":""},{"__meta":{"schema_version":-1,"schema_name":"ColumnSpecsBase","schema_type":"Iced"},"name":"h2o_cluster_uptime","type":"long","format":"%d","description":"H2O cluster uptime"},{"__meta":{"schema_version":-1,"schema_name":"ColumnSpecsBase","schema_type":"Iced"},"name":"h2o_cluster_timezone","type":"string","format":"%s","description":"H2O cluster timezone"},{"__meta":{"schema_version":-1,"schema_name":"ColumnSpecsBase","schema_type":"Iced"},"name":"h2o_data_parsing_timezone","type":"string","format":"%s","description":"H2O data parsing timezone"},{"__meta":{"schema_version":-1,"schema_name":"ColumnSpecsBase","schema_type":"Iced"},"name":"h2o_cluster_version","type":"string","format":"%s","description":"H2O cluster version"},{"__meta":{"schema_version":-1,"schema_name":"ColumnSpecsBase","schema_type":"Iced"},"name":"h2o_cluster_version_age","type":"string","format":"%s","description":"H2O cluster version age"},{"__meta":{"schema_version":-1,"schema_name":"ColumnSpecsBase","schema_type":"Iced"},"name":"h2o_cluster_name","type":"string","format":"%s","description":"H2O cluster name"},{"__meta":{"schema_version":-1,"schema_name":"ColumnSpecsBase","schema_type":"Iced"},"name":"h2o_cluster_total_nodes","type":"int","format":"%d","description":"H2O cluster total nodes"},{"__meta":{"schema_version":-1,"schema_name":"ColumnSpecsBase","schema_type":"Iced"},"name":"h2o_cluster_free_memory","type":"long","format":"%d","description":"H2O cluster free memory"},{"__meta":{"schema_version":-1,"schema_name":"ColumnSpecsBase","schema_type":"Iced"},"name":"h2o_cluster_total_cores","type":"int","format":"%d","description":"H2O cluster total cores"},{"__meta":{"schema_version":-1,"schema_name":"ColumnSpecsBase","schema_type":"Iced"},"name":"h2o_cluster_allowed_cores","type":"int","format":"%d","description":"H2O cluster allowed cores"},{"__meta":{"schema_version":-1,"schema_name":"ColumnSpecsBase","schema_type":"Iced"},"name":"h2o_cluster_status","type":"string","format":"%s","description":"H2O cluster status"},{"__meta":{"schema_version":-1,"schema_name":"ColumnSpecsBase","schema_type":"Iced"},"name":"h2o_internal_security","type":"string","format":"%s","description":"H2O internal security"},{"__meta":{"schema_version":-1,"schema_name":"ColumnSpecsBase","schema_type":"Iced"},"name":"h2o_api_extensions","type":"string","format":"%s","description":"H2O API Extensions"}],"rowcount":1,"data":[[""],[31119793],["Asia/Ho_Chi_Minh"],["UTC"],["3.36.1.2"],["6 months and 15 days"],["h2o-knime-same-vm-cloud-00d919ee-c54d-45a7-ae9d-2835cb73490f"],[1],[3796539454],[8],[8],["locked, healthly"],["false"],["Algos, AutoML, Core V3, Core V4"]]},{"__meta":{"schema_version":3,"schema_name":"TwoDimTableV3","schema_type":"TwoDimTable"},"name":"Input Frames Information","description":"","columns":[{"__meta":{"schema_version":-1,"schema_name":"ColumnSpecsBase","schema_type":"Iced"},"name":"","type":"string","format":"%s","description":""},{"__meta":{"schema_version":-1,"schema_name":"ColumnSpecsBase","schema_type":"Iced"},"name":"input_frame","type":"string","format":"%s","description":"Input Frame"},{"__meta":{"schema_version":-1,"schema_name":"ColumnSpecsBase","schema_type":"Iced"},"name":"checksum","type":"long","format":"%d","description":"Checksum"},{"__meta":{"schema_version":-1,"schema_name":"ColumnSpecsBase","schema_type":"Iced"},"name":"espc","type":"string","format":"%d","description":"ESPC"}],"rowcount":3,"data":[["","",""],["training_frame","validation_frame","calibration_frame"],[-2849547157522378202,-1,-1],["[0, 21734, 43468, 65202, 86936, 108669, 130402, 152135, 173868]","-1","-1"]]}],"training_metrics":{"__meta":{"schema_version":3,"schema_name":"ModelMetricsRegressionV3","schema_type":"ModelMetricsRegression"},"model":{"__meta":{"schema_version":3,"schema_name":"ModelKeyV3","schema_type":"Key<Model>"},"name":"DRF_1_AutoML_34_20221212_33932","type":"Key<Model>","URL":"/3/Models/DRF_1_AutoML_34_20221212_33932"},"model_checksum":-4716656282564626400,"frame":{"__meta":{"schema_version":3,"schema_name":"FrameKeyV3","schema_type":"Key<Frame>"},"name":"AutoML_34_20221212_33932_training_frame-f7a5266e-c79b-46c7-b803-dd460569553e","type":"Key<Frame>","URL":"/3/Frames/AutoML_34_20221212_33932_training_frame-f7a5266e-c79b-46c7-b803-dd460569553e"},"frame_checksum":4631142318915711136,"description":"Metrics reported on Out-Of-Bag training samples","model_category":"Regression","scoring_time":1670791238509,"predictions":null,"MSE":1.0442507256398666E16,"RMSE":1.0218858672277774E8,"nobs":173866,"custom_metric_name":null,"custom_metric_value":0.0,"r2":0.5593405844408534,"mean_residual_deviance":1.0442507256398666E16,"mae":6839910.158827399,"rmsle":1.166880564907533},"validation_metrics":null,"cross_validation_metrics":{"__meta":{"schema_version":3,"schema_name":"ModelMetricsRegressionV3","schema_type":"ModelMetricsRegression"},"model":{"__meta":{"schema_version":3,"schema_name":"ModelKeyV3","schema_type":"Key<Model>"},"name":"DRF_1_AutoML_34_20221212_33932","type":"Key<Model>","URL":"/3/Models/DRF_1_AutoML_34_20221212_33932"},"model_checksum":-4716656282564626400,"frame":{"__meta":{"schema_version":3,"schema_name":"FrameKeyV3","schema_type":"Key<Frame>"},"name":"AutoML_34_20221212_33932_training_frame-f7a5266e-c79b-46c7-b803-dd460569553e","type":"Key<Frame>","URL":"/3/Frames/AutoML_34_20221212_33932_training_frame-f7a5266e-c79b-46c7-b803-dd460569553e"},"frame_checksum":4631142318915711136,"description":"5-fold cross-validation on training data (Metrics computed for combined holdout predictions)","model_category":"Regression","scoring_time":1670791238512,"predictions":null,"MSE":1.6799468359669146E16,"RMSE":1.2961276310483141E8,"nobs":173868,"custom_metric_name":null,"custom_metric_value":0.0,"r2":0.2910774622607487,"mean_residual_deviance":1.6799468359669146E16,"mae":6896217.779612505,"rmsle":1.1611230134332502},"cross_validation_metrics_summary":{"__meta":{"schema_version":3,"schema_name":"TwoDimTableV3","schema_type":"TwoDimTable"},"name":"Cross-Validation Metrics Summary","description":"","columns":[{"__meta":{"schema_version":-1,"schema_name":"ColumnSpecsBase","schema_type":"Iced"},"name":"","type":"string","format":"%s","description":""},{"__meta":{"schema_version":-1,"schema_name":"ColumnSpecsBase","schema_type":"Iced"},"name":"mean","type":"float","format":"%f","description":"mean"},{"__meta":{"schema_version":-1,"schema_name":"ColumnSpecsBase","schema_type":"Iced"},"name":"sd","type":"float","format":"%f","description":"sd"},{"__meta":{"schema_version":-1,"schema_name":"ColumnSpecsBase","schema_type":"Iced"},"name":"cv_1_valid","type":"float","format":"%f","description":"cv_1_valid"},{"__meta":{"schema_version":-1,"schema_name":"ColumnSpecsBase","schema_type":"Iced"},"name":"cv_2_valid","type":"float","format":"%f","description":"cv_2_valid"},{"__meta":{"schema_version":-1,"schema_name":"ColumnSpecsBase","schema_type":"Iced"},"name":"cv_3_valid","type":"float","format":"%f","description":"cv_3_valid"},{"__meta":{"schema_version":-1,"schema_name":"ColumnSpecsBase","schema_type":"Iced"},"name":"cv_4_valid","type":"float","format":"%f","description":"cv_4_valid"},{"__meta":{"schema_version":-1,"schema_name":"ColumnSpecsBase","schema_type":"Iced"},"name":"cv_5_valid","type":"float","format":"%f","description":"cv_5_valid"}],"rowcount":7,"data":[["mae","mean_residual_deviance","mse","r2","residual_deviance","rmse","rmsle"],[6877110.5,1.68770944E16,1.68770944E16,0.28670064,1.68770944E16,1.18185792E8,1.158909],[459717.47,1.85262233E16,1.85262233E16,0.16380318,1.85262233E16,6.0303528E7,0.021247312],[7586353.0,4.9709994E16,4.9709994E16,0.22645235,4.9709994E16,2.22957376E8,1.1392524],[7022547.5,1.17248398E16,1.17248398E16,0.50874275,1.17248398E16,1.08281296E8,1.1678864],[6696678.5,9.6313997E15,9.6313997E15,0.32850438,9.6313997E15,9.8139696E7,1.1917261],[6715093.0,8.5364628E15,8.5364628E15,0.0585693,8.5364628E15,9.2392984E7,1.1449412],[6364881.5,4.7827763E15,4.7827763E15,0.3112344,4.7827763E15,6.9157616E7,1.1507385]]},"status":null,"start_time":1670791233644,"end_time":1670791238510,"run_time":4866,"default_threshold":0.5,"help":{"domains":"Domains for categorical columns", "__meta":"Metadata on this schema instance, to make it self-describing.", "help":"Help information for output fields", "training_metrics":"Training data model metrics", "cross_validation_models":"Cross-validation models (model ids)", "cross_validation_predictions":"Cross-validation predictions, one per cv model (deprecated, use cross_validation_holdout_predictions_frame_id instead)", "cross_validation_metrics_summary":"Cross-validation model metrics summary", "status":"Job status", "reproducibility_information_table":"Model reproducibility information", "variable_importances":"Variable Importances", "model_summary":"Model summary", "end_time":"End time in milliseconds", "names":"Column names", "cross_validation_fold_assignment_frame_id":"Cross-validation fold assignment (each row is assigned to one holdout fold)", "run_time":"Runtime in milliseconds", "default_threshold":"Default threshold used for predictions", "scoring_history":"Scoring history", "cross_validation_holdout_predictions_frame_id":"Cross-validation holdout predictions (full out-of-sample predictions on training data)", "init_f":"The Intercept term, the initial model function value to which trees make adjustments", "model_category":"Category of the model (e.g., Binomial)", "column_types":"Column types", "original_names":"Original column names", "start_time":"Start time in milliseconds", "cv_scoring_history":"Cross-Validation scoring history", "cross_validation_metrics":"Cross-validation model metrics", "validation_metrics":"Validation data model metrics"},"variable_importances":{"__meta":{"schema_version":3,"schema_name":"TwoDimTableV3","schema_type":"TwoDimTable"},"name":"Variable Importances","description":"","columns":[{"__meta":{"schema_version":-1,"schema_name":"ColumnSpecsBase","schema_type":"Iced"},"name":"variable","type":"string","format":"%s","description":"Variable"},{"__meta":{"schema_version":-1,"schema_name":"ColumnSpecsBase","schema_type":"Iced"},"name":"relative_importance","type":"double","format":"%5f","description":"Relative Importance"},{"__meta":{"schema_version":-1,"schema_name":"ColumnSpecsBase","schema_type":"Iced"},"name":"scaled_importance","type":"double","format":"%5f","description":"Scaled Importance"},{"__meta":{"schema_version":-1,"schema_name":"ColumnSpecsBase","schema_type":"Iced"},"name":"percentage","type":"double","format":"%5f","description":"Percentage"}],"rowcount":32,"data":[["so_bay","taxi","NQD","so_chin","tien_len","dau_so_cu-moi","sim_number","ngu_quy_duoi","so_tam","luc_quy_duoi","luc_quy_giua","so_sau","nha_mang","tu_quy_duoi","phongthuy","tu_quy_giua","so_nam","so_mot","sim_phon_thuy","so_ba","so_bon","tam_hoa_giua","tam_hoa_duoi","ngu_quy_giua","so_hai","than_tai","so_khong","THD","TQD","ong_dia","nam_sinh","LQD"],[2.6829568779711525E22,1.8175725329433743E22,6.129316339208092E21,4.207372828605411E21,3.378993660995811E21,1.531962745119834E21,1.4758245313397307E21,1.324170458225145E21,1.277316837289331E21,1.173266023342284E21,9.625091012553899E20,9.530518235128885E20,8.143255442349024E20,7.524567814039467E20,7.511274454576865E20,6.20573299547285E20,5.634356736779983E20,5.059656962299606E20,4.936743173157038E20,4.459673698036194E20,4.1901047609966776E20,4.09156564930609E20,3.223672742990871E20,2.217495578664218E20,1.5824217086635907E20,1.5390837101868928E20,1.4535625522863827E20,8.127527500259734E19,3.4915600869468668E19,3.3959115913257026E19,3.3583326478383186E18,1.57668991606508749E18],[1.0,0.67745126575341,0.22845377760387528,0.15681850361258953,0.12594289862575056,0.05709979007483347,0.05500738917785912,0.04935489157867049,0.04760854890277759,0.04373033472791056,0.03587493743034877,0.035522442844239256,0.030351793982268324,0.02804580228560935,0.02799625486436024,0.02313020028918845,0.021000548995184276,0.01885851019016642,0.01840038210711085,0.0166222339786862,0.015617488284661614,0.015250210254590916,0.012015372924773234,0.008265118224118028,0.005898051219743104,0.005736520489105831,0.005417763379728877,0.0030293172309223833,0.0013013850932957144,0.0012657346896658604,1.251728149420681E-4,5.876687504785309E-5],[0.3608478093798465,0.2444568052087222,0.08243704519290902,0.05658761349882847,0.04544621907605017,0.02060433416455276,0.01984929588453514,0.01780960450834308,0.01717944057932059,0.01577999549001395,0.012945392583380413,0.012818195684164539,0.010952378369249931,0.010120266317062426,0.010102387238644265,0.008346482104870745,0.007578002100686382,0.006805052090289064,0.006639737575103074,0.005998096718208165,0.00563553643553556,0.005503004962951204,0.0043357209987863405,0.0029824498054384376,0.002128298862254431,0.0020700108519564444,0.0019549880473135185,0.0010931224866949645,4.6960196007534566E-4,4.5673759002200557E-4,4.516833606575419E-5,2.120589812511695E-5]]},"init_f":0.0},"compatible_frames":null}
