<?xml version="1.0" encoding="UTF-8"?>
<config xmlns="http://www.knime.org/2008/09/XMLConfig" xmlns:xsi="http://www.w3.org/2001/XMLSchema-instance" xsi:schemaLocation="http://www.knime.org/2008/09/XMLConfig http://www.knime.org/XMLConfig_2008_09.xsd" key="model.xml">
    <entry key="version" type="xint" value="1"/>
    <entry key="class_name" type="xstring" value="org.knime.ext.h2o.mojo.H2OMojoPortObjectSpec"/>
    <config key="model">
        <entry key="Category" type="xstring" value="Regression"/>
        <entry key="Type" type="xstring" value="DrfMojoModel"/>
        <entry key="Is supervised" type="xboolean" value="true"/>
        <entry key="Is classifier" type="xboolean" value="false"/>
        <entry key="No. features" type="xint" value="32"/>
        <entry key="No. classes" type="xint" value="1"/>
        <entry key="Response column" type="xstring" value="price_vnd"/>
        <entry key="Vector size (Word2Vec)" type="xint" value="-1"/>
        <entry key="Prediction size" type="xint" value="2"/>
        <config key="Column names">
            <entry key="array-size" type="xint" value="33"/>
            <entry key="0" type="xstring" value="sim_number"/>
            <entry key="1" type="xstring" value="taxi"/>
            <entry key="2" type="xstring" value="tien_len"/>
            <entry key="3" type="xstring" value="so_khong"/>
            <entry key="4" type="xstring" value="so_mot"/>
            <entry key="5" type="xstring" value="so_hai"/>
            <entry key="6" type="xstring" value="so_ba"/>
            <entry key="7" type="xstring" value="so_bon"/>
            <entry key="8" type="xstring" value="so_nam"/>
            <entry key="9" type="xstring" value="so_sau"/>
            <entry key="10" type="xstring" value="so_bay"/>
            <entry key="11" type="xstring" value="so_tam"/>
            <entry key="12" type="xstring" value="so_chin"/>
            <entry key="13" type="xstring" value="nha_mang"/>
            <entry key="14" type="xstring" value="dau_so_cu-moi"/>
            <entry key="15" type="xstring" value="tam_hoa_giua"/>
            <entry key="16" type="xstring" value="tam_hoa_duoi"/>
            <entry key="17" type="xstring" value="tu_quy_giua"/>
            <entry key="18" type="xstring" value="tu_quy_duoi"/>
            <entry key="19" type="xstring" value="ngu_quy_giua"/>
            <entry key="20" type="xstring" value="ngu_quy_duoi"/>
            <entry key="21" type="xstring" value="luc_quy_giua"/>
            <entry key="22" type="xstring" value="luc_quy_duoi"/>
            <entry key="23" type="xstring" value="nam_sinh"/>
            <entry key="24" type="xstring" value="ong_dia"/>
            <entry key="25" type="xstring" value="than_tai"/>
            <entry key="26" type="xstring" value="phongthuy"/>
            <entry key="27" type="xstring" value="sim_phon_thuy"/>
            <entry key="28" type="xstring" value="THD"/>
            <entry key="29" type="xstring" value="TQD"/>
            <entry key="30" type="xstring" value="NQD"/>
            <entry key="31" type="xstring" value="LQD"/>
            <entry key="32" type="xstring" value="price_vnd"/>
        </config>
        <config key="Column domain values">
            <config key="Column domain values (Col0)"/>
            <config key="Column domain values (Col1)"/>
            <config key="Column domain values (Col2)">
                <entry key="array-size" type="xint" value="41"/>
                <entry key="0" type="xstring" value="NA"/>
                <entry key="1" type="xstring" value="3456789"/>
                <entry key="2" type="xstring" value="345678"/>
                <entry key="3" type="xstring" value="456789"/>
                <entry key="4" type="xstring" value="2345678"/>
                <entry key="5" type="xstring" value="6789"/>
                <entry key="6" type="xstring" value="56789"/>
                <entry key="7" type="xstring" value="357"/>
                <entry key="8" type="xstring" value="789"/>
                <entry key="9" type="xstring" value="2345"/>
                <entry key="10" type="xstring" value="012345"/>
                <entry key="11" type="xstring" value="234567"/>
                <entry key="12" type="xstring" value="456"/>
                <entry key="13" type="xstring" value="579"/>
                <entry key="14" type="xstring" value="123"/>
                <entry key="15" type="xstring" value="23456"/>
                <entry key="16" type="xstring" value="678"/>
                <entry key="17" type="xstring" value="34567"/>
                <entry key="18" type="xstring" value="123456"/>
                <entry key="19" type="xstring" value="468"/>
                <entry key="20" type="xstring" value="5678"/>
                <entry key="21" type="xstring" value="135"/>
                <entry key="22" type="xstring" value="345"/>
                <entry key="23" type="xstring" value="234"/>
                <entry key="24" type="xstring" value="45678"/>
                <entry key="25" type="xstring" value="3456"/>
                <entry key="26" type="xstring" value="12345"/>
                <entry key="27" type="xstring" value="567"/>
                <entry key="28" type="xstring" value="1234"/>
                <entry key="29" type="xstring" value="4567"/>
                <entry key="30" type="xstring" value="012"/>
                <entry key="31" type="xstring" value="01234"/>
                <entry key="32" type="xstring" value="13579"/>
                <entry key="33" type="xstring" value="246"/>
                <entry key="34" type="xstring" value="02468"/>
                <entry key="35" type="xstring" value="0123"/>
                <entry key="36" type="xstring" value="3579"/>
                <entry key="37" type="xstring" value="024"/>
                <entry key="38" type="xstring" value="2468"/>
                <entry key="39" type="xstring" value="1357"/>
                <entry key="40" type="xstring" value="0246"/>
            </config>
            <config key="Column domain values (Col3)"/>
            <config key="Column domain values (Col4)"/>
            <config key="Column domain values (Col5)"/>
            <config key="Column domain values (Col6)"/>
            <config key="Column domain values (Col7)"/>
            <config key="Column domain values (Col8)"/>
            <config key="Column domain values (Col9)"/>
            <config key="Column domain values (Col10)"/>
            <config key="Column domain values (Col11)"/>
            <config key="Column domain values (Col12)"/>
            <config key="Column domain values (Col13)">
                <entry key="array-size" type="xint" value="6"/>
                <entry key="0" type="xstring" value="Mobiphone"/>
                <entry key="1" type="xstring" value="Vinaphone"/>
                <entry key="2" type="xstring" value="Viettel"/>
                <entry key="3" type="xstring" value="Vietnamobile"/>
                <entry key="4" type="xstring" value="Gmobile"/>
                <entry key="5" type="xstring" value="I-telecom"/>
            </config>
            <config key="Column domain values (Col14)">
                <entry key="array-size" type="xint" value="10"/>
                <entry key="0" type="xstring" value="moi_Mobiphone"/>
                <entry key="1" type="xstring" value="cu_Vinaphone"/>
                <entry key="2" type="xstring" value="cu_Viettel"/>
                <entry key="3" type="xstring" value="moi_Vinaphone"/>
                <entry key="4" type="xstring" value="moi_Vietnamobile"/>
                <entry key="5" type="xstring" value="moi_Viettel"/>
                <entry key="6" type="xstring" value="cu_Gmobile"/>
                <entry key="7" type="xstring" value="cu_Vietnamobile"/>
                <entry key="8" type="xstring" value="cu_Mobiphone"/>
                <entry key="9" type="xstring" value="I-telecom"/>
            </config>
            <config key="Column domain values (Col15)">
                <entry key="array-size" type="xint" value="7"/>
                <entry key="0" type="xstring" value="tam_hoa_giua"/>
                <entry key="1" type="xstring" value="tam_hoa_giua_5"/>
                <entry key="2" type="xstring" value="NA"/>
                <entry key="3" type="xstring" value="tam_hoa_giua_4"/>
                <entry key="4" type="xstring" value="tam_hoa_giua_2"/>
                <entry key="5" type="xstring" value="tam_hoa_giua_3"/>
                <entry key="6" type="xstring" value="tam_hoa_giua_1"/>
            </config>
            <config key="Column domain values (Col16)">
                <entry key="array-size" type="xint" value="7"/>
                <entry key="0" type="xstring" value="tam_hoa_duoi"/>
                <entry key="1" type="xstring" value="tam_hoa_duoi_5"/>
                <entry key="2" type="xstring" value="NA"/>
                <entry key="3" type="xstring" value="tam_hoa_duoi_4"/>
                <entry key="4" type="xstring" value="tam_hoa_duoi_2"/>
                <entry key="5" type="xstring" value="tam_hoa_duoi_3"/>
                <entry key="6" type="xstring" value="tam_hoa_duoi_1"/>
            </config>
            <config key="Column domain values (Col17)">
                <entry key="array-size" type="xint" value="5"/>
                <entry key="0" type="xstring" value="tu_quy_giua"/>
                <entry key="1" type="xstring" value="tu_quy_giua_dep_3"/>
                <entry key="2" type="xstring" value="NA"/>
                <entry key="3" type="xstring" value="tu_quy_giua_dep_2"/>
                <entry key="4" type="xstring" value="tu_quy_giua_dep_1"/>
            </config>
            <config key="Column domain values (Col18)">
                <entry key="array-size" type="xint" value="5"/>
                <entry key="0" type="xstring" value="tu_quy_duoi"/>
                <entry key="1" type="xstring" value="tu_quy_duoi_dep_3"/>
                <entry key="2" type="xstring" value="NA"/>
                <entry key="3" type="xstring" value="tu_quy_duoi_dep_2"/>
                <entry key="4" type="xstring" value="tu_quy_duoi_dep_1"/>
            </config>
            <config key="Column domain values (Col19)">
                <entry key="array-size" type="xint" value="4"/>
                <entry key="0" type="xstring" value="ngu_quy_giua"/>
                <entry key="1" type="xstring" value="NA"/>
                <entry key="2" type="xstring" value="ngu_quy_giua_dep_2"/>
                <entry key="3" type="xstring" value="ngu_quy_giua_dep_1"/>
            </config>
            <config key="Column domain values (Col20)">
                <entry key="array-size" type="xint" value="4"/>
                <entry key="0" type="xstring" value="ngu_quy_duoi"/>
                <entry key="1" type="xstring" value="NA"/>
                <entry key="2" type="xstring" value="ngu_quy_duoi_dep_2"/>
                <entry key="3" type="xstring" value="ngu_quy_duoi_dep_1"/>
            </config>
            <config key="Column domain values (Col21)">
                <entry key="array-size" type="xint" value="2"/>
                <entry key="0" type="xstring" value="luc_quy_giua"/>
                <entry key="1" type="xstring" value="NA"/>
            </config>
            <config key="Column domain values (Col22)">
                <entry key="array-size" type="xint" value="2"/>
                <entry key="0" type="xstring" value="luc_quy_duoi"/>
                <entry key="1" type="xstring" value="NA"/>
            </config>
            <config key="Column domain values (Col23)"/>
            <config key="Column domain values (Col24)">
                <entry key="array-size" type="xint" value="3"/>
                <entry key="0" type="xstring" value="NA"/>
                <entry key="1" type="xstring" value="ong_dia_nho"/>
                <entry key="2" type="xstring" value="ong_dia_lon"/>
            </config>
            <config key="Column domain values (Col25)">
                <entry key="array-size" type="xint" value="3"/>
                <entry key="0" type="xstring" value="NA"/>
                <entry key="1" type="xstring" value="than_tai_lon"/>
                <entry key="2" type="xstring" value="than_tai_nho"/>
            </config>
            <config key="Column domain values (Col26)"/>
            <config key="Column domain values (Col27)">
                <entry key="array-size" type="xint" value="5"/>
                <entry key="0" type="xstring" value="C"/>
                <entry key="1" type="xstring" value="H"/>
                <entry key="2" type="xstring" value="B"/>
                <entry key="3" type="xstring" value="DC"/>
                <entry key="4" type="xstring" value="DH"/>
            </config>
            <config key="Column domain values (Col28)">
                <entry key="array-size" type="xint" value="4"/>
                <entry key="0" type="xstring" value="777"/>
                <entry key="1" type="xstring" value="0"/>
                <entry key="2" type="xstring" value="888"/>
                <entry key="3" type="xstring" value="333"/>
            </config>
            <config key="Column domain values (Col29)">
                <entry key="array-size" type="xint" value="4"/>
                <entry key="0" type="xstring" value="7777"/>
                <entry key="1" type="xstring" value="0"/>
                <entry key="2" type="xstring" value="8888"/>
                <entry key="3" type="xstring" value="3333"/>
            </config>
            <config key="Column domain values (Col30)">
                <entry key="array-size" type="xint" value="4"/>
                <entry key="0" type="xstring" value="77777"/>
                <entry key="1" type="xstring" value="0"/>
                <entry key="2" type="xstring" value="88888"/>
                <entry key="3" type="xstring" value="33333"/>
            </config>
            <config key="Column domain values (Col31)">
                <entry key="array-size" type="xint" value="4"/>
                <entry key="0" type="xstring" value="777777"/>
                <entry key="1" type="xstring" value="0"/>
                <entry key="2" type="xstring" value="888888"/>
                <entry key="3" type="xstring" value="333333"/>
            </config>
            <config key="Column domain values (Col32)"/>
        </config>
    </config>
</config>
